context_section,anchor_text,destination_url,link_type,rel_attributes,notes
Next Step CTA,Cycling Coach,/cycling-coach/,internal,,Source: gear/index.html L304-L307
Heaters — 5–10 Gallons,"Hitop 50W Adjustable Aquarium Heater, Submersible Glass Water Heater for 5–15 Gallon Fish Tank",https://amzn.to/3KFMlOx,affiliate,sponsored noopener noreferrer,Source: data/gear_heaters.csv L2
Heaters — 5–10 Gallons,hygger Mini Fish Tank Submersible Heater 50W for 5–10 Gallons Small Betta Aquarium Heater with Digital Display Controller Adjustable Temperature,https://amzn.to/479AuRA,affiliate,sponsored noopener noreferrer,Source: data/gear_heaters.csv L3
Heaters — 5–10 Gallons,"hygger Aquarium Heater, Upgraded Ceramic 50W Small Fish Tank Heater with Digital LED Controller, Fast Heating, Precise Temperature Control, Turtle Tank Heater for Freshwater/Saltwater",https://amzn.to/3KBKiLp,affiliate,sponsored noopener noreferrer,Source: data/gear_heaters.csv L4
Heaters — 10–20 Gallons,"Hitop 100w Adjustable Aquarium Heater, Submersible Glass Water Heater for 10 – 30 Gallon Fish Tank",https://amzn.to/4nXCmT2,affiliate,sponsored noopener noreferrer,Source: data/gear_heaters.csv L5
Heaters — 10–20 Gallons,"Fluval M 50-Watt Submersible Aquarium Heater – Compact, Reliable Heating with Mirror Technology for Fresh & Saltwater Tanks Up to 15 Gallons",https://amzn.to/4pTvtnA,affiliate,sponsored noopener noreferrer,Source: data/gear_heaters.csv L6
Heaters — 10–20 Gallons,"hygger Aquarium Heater, Submersible Fish Tank Heater 100W with Digital LED Controller, Memory Function, Auto Shut Off Protection, Heater for Saltwater Freshwater Fish Tank",https://amzn.to/46DNSxo,affiliate,sponsored noopener noreferrer,Source: data/gear_heaters.csv L7
Heaters — 20–40 Gallons,"Hitop 300W Aquarium Heater, Submersible Glass Water Heater 35–70 Gallon Fish Tank",https://amzn.to/4n9U4lP,affiliate,sponsored noopener noreferrer,Source: data/gear_heaters.csv L8
Heaters — 20–40 Gallons,hygger 802 Aquarium Titanium Heater Tube Heating Element Replacement Heater Rod (Controller Excluded) (200W),https://amzn.to/42Zj6wn,affiliate,sponsored noopener noreferrer,Source: data/gear_heaters.csv L9
Heaters — 20–40 Gallons,"hygger Aquarium Heater 200W, Submersible Fish Tank Heater with Digital LED Controller, Overheating & Auto Shut Off Protection, Betta Turtle Tank Heater, for Saltwater & Freshwater Fish Tank 20–55 Gallon",https://amzn.to/4mORQry,affiliate,sponsored noopener noreferrer,Source: data/gear_heaters.csv L10
Heaters — 40–55 Gallons,"Hitop 300W Aquarium Heater, Submersible Glass Water Heater (35–70 Gallon Fish Tank)",https://amzn.to/46Qv3ps,affiliate,sponsored noopener noreferrer,Source: data/gear_heaters.csv L11
Heaters — 40–55 Gallons,"hygger Aquarium Heater 300W, Fish Tank Heater with Digital LED Controller, Overheating & Auto Shut Off Protection, Memory Function, Submersible Fish Heater for Saltwater & Freshwater Fish Tank 25–80 Gallon",https://amzn.to/4nF3vuv,affiliate,sponsored noopener noreferrer,Source: data/gear_heaters.csv L12
Heaters — 40–55 Gallons,AQQA Aquarium Heater 500W for 55–130 Gallon Fish Tank Heater Quartz Glass Submersible Betta Fish Heater for Aquarium Thermostat Heater with External Digital Controller (AQ136-500W for 55–130Gal),https://amzn.to/3WsfsHG,affiliate,sponsored noopener noreferrer,Source: data/gear_heaters.csv L13
Heaters — 55–75 Gallons,AQQA Aquarium Heater 500W for 55–130 Gallon Fish Tank Heater Quartz Glass Submersible Betta Fish Heater for Aquarium Thermostat Heater with External Digital Controller (AQ136-500W for 55–130Gal),https://amzn.to/42q5t9x,affiliate,sponsored noopener noreferrer,Source: data/gear_heaters.csv L14
Heaters — 55–75 Gallons,"hygger Aquarium Heater with Intelligent Temperature Controller, 500W for 66–135 Gallon Submersible Fish Tank Heater with Leaving Water Automatically Stop Heating System, for Freshwater Saltwater",https://amzn.to/479hliF,affiliate,sponsored noopener noreferrer,Source: data/gear_heaters.csv L15
Heaters — 55–75 Gallons,"Fluval M 200-Watt Submersible Aquarium Heater – High-Performance, Compact Heating with Mirror Technology for Fresh & Saltwater Tanks",https://amzn.to/4o4Z6Az,affiliate,sponsored noopener noreferrer,Source: data/gear_heaters.csv L16
Heaters — 75–125 Gallons,"hygger 500W Aquarium Heater with Controller, Adjustable & Submersible Fish Tank Heater with Digital Display Safety Triple Protection Beeping Alarm for Saltwater and Freshwater 65–135 Gallon",https://amzn.to/46ROYo5,affiliate,sponsored noopener noreferrer,Source: data/gear_heaters.csv L17
Heaters — 75–125 Gallons,"hygger Aquarium Heater with Intelligent Temperature Controller, 500W for 66–135 Gallon Submersible Fish Tank Heater with Leaving Water Automatically Stop Heating System, for Freshwater Saltwater",https://amzn.to/3KWN91y,affiliate,sponsored noopener noreferrer,Source: data/gear_heaters.csv L18
Heaters — 75–125 Gallons,AQQA Aquarium Heater 500W for 55–130 Gallon Fish Tank Heater Quartz Glass Submersible Betta Fish Heater for Aquarium Thermostat Heater with External Digital Controller (AQ136-500W for 55–130Gal),https://amzn.to/3WocVON,affiliate,sponsored noopener noreferrer,Source: data/gear_heaters.csv L19
Filters — Filter Media,Seachem Purigen Organic Filtration Resin - Fresh and Saltwater 500 ml (116016308),https://amzn.to/4o7x07V,affiliate,sponsored noopener noreferrer,Source: data/gear_filters.csv L2
Filters — Filter Media,Seachem Matrix Bio Media 1 Liter,https://amzn.to/435usiz,affiliate,sponsored noopener noreferrer,Source: data/gear_filters.csv L3
Filters — Filter Media,"Aquarium Filter Media Pad Cut to Fit Roll, 12"" x 72"" (6 ft)",https://amzn.to/3IDHzAK,affiliate,sponsored noopener noreferrer,Source: data/gear_filters.csv L4
Filters — Filter Media,"Fluval BioMax Biological Material Remover, 500 g - Biological Filter Media for Aquariums",https://amzn.to/48Ryajp,affiliate,sponsored noopener noreferrer,Source: data/gear_filters.csv L5
Filters — Filter Media,"Aquatic Experts Bio Balls Filter Media Bulk, 1.5 Inch (300 Count with 14"" x 20"" Mesh Bag)",https://amzn.to/4o8Pipq,affiliate,sponsored noopener noreferrer,Source: data/gear_filters.csv L6
Filters — Filter Media,"Fluval Spec/Evo/Flex Activated Carbon, Replacement Aquarium Filter Media, 3-Pack, A1377, Black",https://amzn.to/430JHJA,affiliate,sponsored noopener noreferrer,Source: data/gear_filters.csv L7
Filters — Filter Media,Big Kahuna Aquarium Filter Floss Rolls – 12-inch x 6 ft – 1-inch Thick Bonded Media,https://amzn.to/4o2R9vQ,affiliate,sponsored noopener noreferrer,Source: data/gear_filters.csv L8
Filters — Filter Media,"Penn-Plax Undergravel Aquarium Filter for 20 (Long) - 29 Gallon Tanks (Two 14"" x 11.1"" Plates)",https://amzn.to/435uUgL,affiliate,sponsored noopener noreferrer,Source: data/gear_filters.csv L9
Filters — Filter Media,Aquarium Filter Pad - Media Roll 39.4 x 11.8 in (White),https://amzn.to/4h4N5sO,affiliate,sponsored noopener noreferrer,Source: data/gear_filters.csv L10
Filters — Filter Media,"Aquatic Experts Classic Bonded Aquarium Filter Pad - 24"" x 12 ft x 0.75"" (Blue/White)",https://amzn.to/3ICU7s5,affiliate,sponsored noopener noreferrer,Source: data/gear_filters.csv L11
Filters — Filter Media,"AQUANEAT Aquarium Bio Sponge Foam Filter Media Pad Cut-to-Fit (17"" x 11"" x 1/2""–1"")",https://amzn.to/46YC4Vc,affiliate,sponsored noopener noreferrer,Source: data/gear_filters.csv L12
Filters — Filter Media,"Geiserailie 15 Pieces Aquarium Filter Media Bags, 150 Micron, Zipper, 5.5"" x 7.9""",https://amzn.to/4mQHNCj,affiliate,sponsored noopener noreferrer,Source: data/gear_filters.csv L13
Lights — 12–18 inches (alias),"NICREW C10 Plants LED Aquarium Light, 12-18 in, 9 Watts, Full Spectrum Fish Tank Light with Timer, Day and Night Cycle, Brightness Adjustable",https://amzn.to/4mP0Sow,affiliate,sponsored noopener noreferrer,Source: data/gear_lighting.csv L2
Lights — 12–18 inches (alias),"hygger New Mode 24/7 Timer LED Aquarium Light, Auto On Off Full Spectrum Fish Tank Light Fish Colorful/Sun/Nightlight/WRGB Cycle Mode for Freshwater Plants Tank (for 12in~18in Long Tank)",https://amzn.to/3VS4co0,affiliate,sponsored noopener noreferrer,Source: data/gear_lighting.csv L3
Lights — 12–18 inches (alias),"hygger Fish Aquarium LED Light, 14W 24/7 Lighting Sunrise-Daylight-Moonlight Mode DIY, Adjustable Timer/Brightness with Extendable Bracket 7 Colors for Planted Tank",https://amzn.to/4h3wUvY,affiliate,sponsored noopener noreferrer,Source: data/gear_lighting.csv L4
Lights — l-20-24,"NICREW C10 Plants LED Aquarium Light, 18-24 in, 13 Watts, Full Spectrum Fish Tank Light with Timer, Day and Night Cycle, Brightness Adjustable",https://amzn.to/3WpCKxX,affiliate,sponsored noopener noreferrer,Source: data/gear_lighting.csv L5
Lights — l-20-24,"hygger 14W Full Spectrum Aquarium Light with Aluminum Alloy Shell Extendable Brackets, White Blue Red LEDs, External Controller, for Freshwater Fish Tank (18-24 inch)",https://amzn.to/3VRUYIs,affiliate,sponsored noopener noreferrer,Source: data/gear_lighting.csv L6
Lights — l-20-24,hygger Auto On Off LED Aquarium Light 18-24 Inches Dimmable 7 Colors Full Spectrum Fish Tank Light Fixture for Freshwater Planted Tank Built-in Timer Sunrise Sunset,https://amzn.to/4gWRH45,affiliate,sponsored noopener noreferrer,Source: data/gear_lighting.csv L7
Lights — l-24-30,"hygger 16W Full Spectrum Aquarium Light with Aluminum Alloy Shell Extendable Brackets, White Blue Red LEDs, External Controller, for Freshwater Fish Tank (24-30 inch)",https://amzn.to/42oWCVx,affiliate,sponsored noopener noreferrer,Source: data/gear_lighting.csv L8
Lights — l-24-30,"AQQA Aquarium Light, Multi-Function Fish Tank LED Light 24/7 DIY Auto On Off + Night Mode + Day Mode + Full Spectrum + 7 Colors, Adjustable Brightness Waterproof with Timer for Freshwater 24W",https://amzn.to/4gU5ZlU,affiliate,sponsored noopener noreferrer,Source: data/gear_lighting.csv L9
Lights — l-24-30,"hygger Advanced Remote Control Aquarium Light Customizable Full Spectrum Fish Tank LED with DIY, Default & Weather Mode Freshwater Planted Tank",https://amzn.to/4h3Ob8k,affiliate,sponsored noopener noreferrer,Source: data/gear_lighting.csv L10
Lights — l-30-36,"hygger 20W Full Spectrum Aquarium Light with Aluminum Alloy Shell Extendable Brackets, White Blue Red LEDs, External Controller, for Freshwater Fish Tank (30-36 inch)",https://amzn.to/3Wo63Rt,affiliate,sponsored noopener noreferrer,Source: data/gear_lighting.csv L11
Lights — l-30-36,"hygger 20W Full Spectrum Aquarium Light with Aluminum Alloy Shell Extendable Brackets, White Blue Red LEDs, External Controller, for Freshwater Fish Tank (30-36 inch)",https://amzn.to/4q2HWWo,affiliate,sponsored noopener noreferrer,Source: data/gear_lighting.csv L12
Lights — l-30-36,"hygger Advanced Remote Control Aquarium Light Customizable Full Spectrum Fish Tank LED with DIY, Default & Weather Mode Freshwater Planted Tank",https://amzn.to/46L2CZS,affiliate,sponsored noopener noreferrer,Source: data/gear_lighting.csv L13
Lights — 36–48 inches,"hygger 36W 24/7 Lighting Aquarium LED Light, Sunrise-Daylight-Moonlight Mode and DIY Mode, Adjustable Timer Adjustable Brightness Fish Tank Light with Extendable Bracket 7 Colors for Planted Tank",https://amzn.to/4nAAekl,affiliate,sponsored noopener noreferrer,Source: data/gear_lighting.csv L14
Lights — 36–48 inches,"AQQA Aquarium Light, Multi-Function Fish Tank LED Light 24/7 DIY Auto On Off + Night Mode + Day Mode + Full Spectrum + 7 Colors, Adjustable Brightness Waterproof with Timer for Freshwater 36W",https://amzn.to/4mS1bz0,affiliate,sponsored noopener noreferrer,Source: data/gear_lighting.csv L15
Lights — 36–48 inches,"hygger Advanced Remote Control Aquarium Light Customizable Full Spectrum Fish Tank LED with DIY, Default & Weather Mode Freshwater Planted Tank",https://amzn.to/3ISKOEg,affiliate,sponsored noopener noreferrer,Source: data/gear_lighting.csv L16
Lights — l-48-up,"AQQA Aquarium Light, Multi-Function Fish Tank LED Light 24/7 DIY Auto On Off + Night Mode + Day Mode + Full Spectrum + 7 Colors, Adjustable Brightness Waterproof with Timer for Freshwater 44W",https://amzn.to/3VVjRCW,affiliate,sponsored noopener noreferrer,Source: data/gear_lighting.csv L17
Lights — l-48-up,"hygger Sun Moon LED Aquarium Light, Full Spectrum Fish Tank Light Day-Night Dual Timer, Adjustable 6 Timer 10 Brightness 8 Colors for Planted Freshwater Tank",https://amzn.to/4gWbLUp,affiliate,sponsored noopener noreferrer,Source: data/gear_lighting.csv L18
Lights — l-48-up,hygger Auto On Off 48-55 Inch LED Aquarium Light Extendable Dimmable 7 Colors Full Spectrum Light Fixture for Freshwater Planted Tank Built-in Timer Sunrise Sunset,https://amzn.to/4h1IbwH,affiliate,sponsored noopener noreferrer,Source: data/gear_lighting.csv L19
Air & Aeration — Air Pumps,"HITOP 4W 110GPH Powerful Aquarium Air Pump: Quiet 2-outlets Aquarium Aerator, Adjustable Fish Tank Air Pump with Accessories, for 20-200 Gallon Tank",https://amzn.to/42vZsbh,affiliate,sponsored noopener noreferrer,Source: data/gear_aeration.csv L2
Air & Aeration — Air Pumps,"hygger Aquarium Air Pump, Ultra Quiet Oxygen Aerator with Air Stone Airline Tubing Check Valve, Aquarium Fish Tank Air Bubbler for 3 to 79 Gallon Tank and Bucket",https://amzn.to/4h2AW7B,affiliate,sponsored noopener noreferrer,Source: data/gear_aeration.csv L3
Air & Aeration — Air Pumps,"hygger Aquarium Air Pump, Quiet Adjustable Fish Tank Air Pump, 4W/7W/11W Powerful Oxygen Aerator Dual Stainless Steel Outlets with Air Stone Bubbler for Small Medium Large Fish Tank, Hydroponic",https://amzn.to/4q0N25a,affiliate,sponsored noopener noreferrer,Source: data/gear_aeration.csv L4
Air & Aeration — Airline Accessories,"AQUANEAT Aquarium Check Valve, One Way Non Return Valve for Air Pump, Fit for 3/16 Inch Airline Tubing, Fish Tank Accessories, 10pcs (Red)",https://amzn.to/42wLPZs,affiliate,sponsored noopener noreferrer,Source: data/gear_aeration.csv L5
Air & Aeration — Airline Accessories,"Aquarium Air Valve, 10 Pcs Aquarium Air Pump Control Valves T Shaped Single Way Plastic Air Flow Control Regulator Aquarium Air Pump Accessories for Fish Tank 3/16"" ID Tubing (Black)",https://amzn.to/46F8DIW,affiliate,sponsored noopener noreferrer,Source: data/gear_aeration.csv L6
Air & Aeration — Airline Accessories,"ALEGI Aquarium Air Pump Accessories Set 25 Feet Airline Tubing with 6 Check Valves, 6 Control Valve and 40 Connectors for Fish Tank White",https://amzn.to/48S7HlO,affiliate,sponsored noopener noreferrer,Source: data/gear_aeration.csv L7
Substrate & Aquascaping — Base Layers & Soil,"Fluval 12695 Plant and Shrimp Stratum for Freshwater Fish Tanks, 17.6 lbs – Aquarium Substrate for Strong Plant Growth",https://amzn.to/4gXDMuF,affiliate,sponsored noopener noreferrer,Source: data/gear_substrate.csv L2
Substrate & Aquascaping — Base Layers & Soil,"Fluval 12698 Natural Mineral-Rich Volcanic Soil Bio Stratum for Planted Tanks, 17.6 lbs",https://amzn.to/3WtUCHW,affiliate,sponsored noopener noreferrer,Source: data/gear_substrate.csv L3
Substrate & Aquascaping — Base Layers & Soil,Seachem Flourite Black Clay Gravel - Stable Porous Natural Planted Aquarium Substrate 15.4 lbs,https://amzn.to/4mVTEiK,affiliate,sponsored noopener noreferrer,Source: data/gear_substrate.csv L4
Substrate & Aquascaping — Base Layers & Soil,"Flourite, 7 kg / 15.4 lbs",https://amzn.to/48SfvUL,affiliate,sponsored noopener noreferrer,Source: data/gear_substrate.csv L5
Substrate & Aquascaping — Base Layers & Soil,API Root Tabs Aquarium Fertilizer 30-Count,https://www.amazon.com/dp/B003SNDNQ6/?tag=fishkeepingli-20,affiliate,sponsored noopener noreferrer,Source: data/gear_substrate.csv L6
Substrate & Aquascaping — Gravel & Sand,"Carib Sea ACS05820 Super Natural Moonlight Sand for Aquarium, 5-Pound",https://amzn.to/3IxxGVd,affiliate,sponsored noopener noreferrer,Source: data/gear_substrate.csv L7
Substrate & Aquascaping — Gravel & Sand,"Aqua Natural Diamond Black 10lb, Premium Gravel and Substrate for Aquariums, Fish Tanks and Terrariums, 1-2mm",https://amzn.to/3IJ16jd,affiliate,sponsored noopener noreferrer,Source: data/gear_substrate.csv L8
Substrate & Aquascaping — Gravel & Sand,20LB Decorative River Rocks Gravel - 2/5\ Mixed Color Gravel for Vase Filling,Landscaping,external,sponsored noopener noreferrer,Source: data/gear_substrate.csv L9
Substrate & Aquascaping — Gravel & Sand,"10LB Mixed Stones Pebbles River Rocks, Natural Beach Pebbles, 0.5–1 Inch Decorative River Rocks for Landscaping Garden Paving Plant Rocks Crafting Walkways and Outdoor Decorative Stone",https://amzn.to/46WKOLx,affiliate,sponsored noopener noreferrer,Source: data/gear_substrate.csv L10
Substrate & Aquascaping — Gravel & Sand,"CaribSea Arag-Alive Fiji Pink Sand, 20 lb",https://www.amazon.com/dp/B00025698M/?tag=fishkeepingli-20,affiliate,sponsored noopener noreferrer,Source: data/gear_substrate.csv L11
Substrate & Aquascaping — Rock & Hardscape,Dragon Stone (Ohko) – Assorted Sizes,https://www.amazon.com/dp/B07HFHKD8V/?tag=fishkeepingli-20,affiliate,sponsored noopener noreferrer,Source: data/gear_substrate.csv L12
Substrate & Aquascaping — Rock & Hardscape,Seiryu Stone Natural Stone Rocks Fish Tank Decor Rocks for Aquariums Landscaping Model Tank Decoration Aquarium Miniature -20Lb (2-8 inch),https://amzn.to/46HWDGK,affiliate,sponsored noopener noreferrer,Source: data/gear_substrate.csv L13
Substrate & Aquascaping — Rock & Hardscape,"Natural Rock Stone 10LB Fish Tank Rock for Aquarium Landscaping Models Fish Tank Decoration, Freshwater Planted Aquariums and Amphibian enclosures-2-6 inches",https://amzn.to/42YxBAI,affiliate,sponsored noopener noreferrer,Source: data/gear_substrate.csv L14
Substrate & Aquascaping — Rock & Hardscape,"Lava Rocks for Aquarium, 10 lbs",https://www.amazon.com/dp/B07MDVG3P2/?tag=fishkeepingli-20,affiliate,sponsored noopener noreferrer,Source: data/gear_substrate.csv L15
Substrate & Aquascaping — Wood & Driftwood,Spiderwood (Root Form) – Assorted Sizes,https://www.amazon.com/dp/B00GH7YDBQ/?tag=fishkeepingli-20,affiliate,sponsored noopener noreferrer,Source: data/gear_substrate.csv L16
Substrate & Aquascaping — Wood & Driftwood,Mopani Driftwood – Natural,https://www.amazon.com/dp/B0002DJ9WW/?tag=fishkeepingli-20,affiliate,sponsored noopener noreferrer,Source: data/gear_substrate.csv L17
Substrate & Aquascaping — Wood & Driftwood,"Hamiledyi 12Pcs Small Driftwood for Aquarium 4.1\-7.2\"" Driftwood Branches Aquarium Wood Decoration Natural Fish Tank Habitat Decor Wood for Lizard Assorted Size""",https://amzn.to/4h0jGzK,affiliate,sponsored noopener noreferrer,Source: data/gear_substrate.csv L18
Substrate & Aquascaping — Wood & Driftwood,"majoywoo Natural Small Driftwood for Aquarium Decor Reptile Decor, Assorted Driftwood Branch 2-4.5\ 10 Pcs",Curated mini driftwood pieces; ideal for accenting carpets and moss mounds.,external,sponsored noopener noreferrer,Source: data/gear_substrate.csv L19
Fertilizers — Fertilizers,API ROOT TABS Freshwater Aquarium Plant Fertilizer 0.4-Ounce 10-Count Box,https://amzn.to/48ECCCn,affiliate,sponsored noopener noreferrer,Source: data/gear_treatments.csv L2 | Category: Water Treatments & Fertilizers
Fertilizers — Fertilizers,ThriveCaps | Aquarium Root Fertilizer Tabs Caps 60 Count,https://amzn.to/4h1RoF2,affiliate,sponsored noopener noreferrer,Source: data/gear_treatments.csv L3 | Category: Water Treatments & Fertilizers
Fertilizers — Fertilizers,Seachem Flourish Excel 500 ml,https://amzn.to/48gdh1g,affiliate,sponsored noopener noreferrer,Source: data/gear_treatments.csv L4 | Category: Water Treatments & Fertilizers
Fertilizers — Fertilizers,2HR Aquarist All-in-one Aquarium Plant Fertilizers APT 3 / Complete (600ml),https://amzn.to/46YTXmT,affiliate,sponsored noopener noreferrer,Source: data/gear_treatments.csv L5 | Category: Water Treatments & Fertilizers
Fertilizers — Fertilizers,Thrive S Shrimp Specific All in One Aquarium Fertilizer – 500ml Liquid Plant Food – Comprehensive nutrients – Aquarium Nutrition – Convenient to Use – Concentrated Aquarium Plant Fertilizer,https://amzn.to/4mSnO6o,affiliate,sponsored noopener noreferrer,Source: data/gear_treatments.csv L6 | Category: Water Treatments & Fertilizers
Fertilizers — Fertilizers,Seachem Flourish Freshwater Plant Supplement 500 ml,https://amzn.to/4pZWiXf,affiliate,sponsored noopener noreferrer,Source: data/gear_treatments.csv L7 | Category: Water Treatments & Fertilizers
Fertilizers — Fertilizers,Thrive+ All in One Liquid Aquarium Plant Fertilizer – 500ml Highly Concentrated Aquatic Plant Fertilizer Solution – Nutrient-Rich Aquarium Plant Food – Convenient Usage – Effective Results,https://amzn.to/3J0LcRd,affiliate,sponsored noopener noreferrer,Source: data/gear_treatments.csv L8 | Category: Water Treatments & Fertilizers
Water Treatments — Recommended Water Treatments & Fertilizers,Seachem 437 Prime Fresh and Saltwater Conditioner – Chemical Remover and Detoxifier 1 L,https://amzn.to/4h8EfKz,affiliate,sponsored noopener noreferrer,Source: data/gear_water_food_tools.csv L2 | Category: Water Treatments & Fertilizers | Option: Option 1
Water Treatments — Recommended Water Treatments & Fertilizers,"Seachem Stability Fish Tank Stabilizer – For Freshwater and Marine Aquariums, 16.9 Fl Oz (Pack of 1)",https://amzn.to/4gYNUDf,affiliate,sponsored noopener noreferrer,Source: data/gear_water_food_tools.csv L3 | Category: Water Treatments & Fertilizers | Option: Option 2
Water Treatments — Recommended Water Treatments & Fertilizers,API TAP WATER CONDITIONER Aquarium Water Conditioner 16-Ounce Bottle,https://amzn.to/48d12T7,affiliate,sponsored noopener noreferrer,Source: data/gear_water_food_tools.csv L4 | Category: Water Treatments & Fertilizers | Option: Option 3
Water Treatments — Recommended Water Treatments & Fertilizers,"Tetra AquaSafe Plus – Aquarium Water Conditioner and Dechlorinator, 33.8 Ounces",https://amzn.to/4q3itMw,affiliate,sponsored noopener noreferrer,Source: data/gear_water_food_tools.csv L5 | Category: Water Treatments & Fertilizers | Option: Option 4
Water Treatments — Testing & Monitoring,"VIVOSUN Digital pH and TDS Meter Kits, 0.01 pH High Accuracy Pen Type pH Meter ±2% Readout Accuracy 3-in-1 TDS EC Temperature Meter for Hydroponics, Pool, and Aquarium, Yellow Blue, UL Certified",https://amzn.to/46F70el,affiliate,sponsored noopener noreferrer,Source: data/gear_water_food_tools.csv L6
Water Treatments — Testing & Monitoring,"API FRESHWATER MASTER TEST KIT 800-Test Freshwater Aquarium Water Master Test Kit, White, Single, Multi-colored",https://amzn.to/3KDF7L9,affiliate,sponsored noopener noreferrer,Source: data/gear_water_food_tools.csv L7
Water Treatments — Water Change & Cleaning,"Tetra Water Cleaner Gravel Siphon for Aquariums, Easily Clean Freshwater Aquariums",https://amzn.to/4pPCA0m,affiliate,sponsored noopener noreferrer,Source: data/gear_water_food_tools.csv L8
Water Treatments — Water Change & Cleaning,"Gravel Vacuum for Aquarium Water Changer Fish Tank Cleaning Tools, Siphon Universal Quick Pump Aquarium Water Changing (50 ft)",https://amzn.to/4nEtZw1,affiliate,sponsored noopener noreferrer,Source: data/gear_water_food_tools.csv L9
Water Treatments — Water Change & Cleaning,Aquarium Coral Feeder Fish Feeder Waste Clean Tool Manual Cleaner Water Changer Fish Tank Cleaning Tool Siphon Dropper Waste Remover Aquatic Bottom Pipette (25 in),https://amzn.to/3KCBLYK,affiliate,sponsored noopener noreferrer,Source: data/gear_water_food_tools.csv L10
Water Treatments — Water Change & Cleaning,Flipper Magnetic Aquarium Glass Cleaner & Fish Tank Accessories | Effortless Algae Remover for Fish Tank (Nano),https://amzn.to/3KXWUMZ,affiliate,sponsored noopener noreferrer,Source: data/gear_water_food_tools.csv L11
Water Treatments — Water Change & Cleaning,Flipper Magnetic Aquarium Glass Cleaner & Fish Tank Accessories | Effortless Algae Remover for Fish Tank (Standard),https://amzn.to/46Ml1Wc,affiliate,sponsored noopener noreferrer,Source: data/gear_water_food_tools.csv L12
Water Treatments — Water Change & Cleaning,"25"" Glass Aquariums Algae Scraper – Durable Stainless Steel, Powerfully Remove Stubborn Algae, Professional Fish Tank Cleaner Tools, Includes Sheath, Long Tweezers & 10 Replaceable Blades",https://amzn.to/4nySNFL,affiliate,sponsored noopener noreferrer,Source: data/gear_water_food_tools.csv L13
Water Treatments — Water Change & Cleaning,API ALGAE SCRAPER For Glass Aquariums 1-Count Container,https://amzn.to/3Wqbmjr,affiliate,sponsored noopener noreferrer,Source: data/gear_water_food_tools.csv L14
Water Treatments — Safety & Power,"Power Strip, ALESTOR Surge Protector with 12 Outlets and 4 USB Ports, 6 Feet Extension Cord (1875W/15A), 2700 Joules, ETL Listed, Black",https://amzn.to/3J22Ynb,affiliate,sponsored noopener noreferrer,Source: data/gear_water_food_tools.csv L15
Water Treatments — Safety & Power,"meross Smart Plug Power Strip, WiFi Flat Outlet 15A Compatible with Apple HomeKit, Siri, Alexa, Google Assistant & SmartThings, with 4 AC Outlets & 4 USB Ports, 6 Feet Surge Protector Extender",https://amzn.to/437noBU,affiliate,sponsored noopener noreferrer,Source: data/gear_water_food_tools.csv L16
Water Treatments — Safety & Power,"Meross Smart Water Sensor Alarm 3 Pack, WiFi Water Leak Detector Support Apple HomeKit, SmartThings, IP67 Waterproof with App Alerts, Alarm, 100M Range for Home Basement Kitchen (Meross Hub Included)",https://amzn.to/42sP4ky,affiliate,sponsored noopener noreferrer,Source: data/gear_water_food_tools.csv L17
Water Treatments — Safety & Power,"Linkind Matter Smart Plug, Works with Apple Home, Siri, Alexa, Google, SmartThings, Smart Outlet 15A/1800W Max, Smart Home Automation, App Remote Control, Timer & Schedule, 2.4G Wi-Fi Only (4 Pack)",https://amzn.to/3KDGMQT,affiliate,sponsored noopener noreferrer,Source: data/gear_water_food_tools.csv L18
Maintenance & Tools — Testing & Monitoring,"VIVOSUN Digital pH and TDS Meter Kits, 0.01 pH High Accuracy Pen Type pH Meter ±2% Readout Accuracy 3-in-1 TDS EC Temperature Meter for Hydroponics, Pool, and Aquarium, Yellow Blue, UL Certified",https://amzn.to/46F70el,affiliate,sponsored noopener noreferrer,Source: data/gear_water_food_tools.csv L6
Maintenance & Tools — Testing & Monitoring,"API FRESHWATER MASTER TEST KIT 800-Test Freshwater Aquarium Water Master Test Kit, White, Single, Multi-colored",https://amzn.to/3KDF7L9,affiliate,sponsored noopener noreferrer,Source: data/gear_water_food_tools.csv L7
Maintenance & Tools — Water Change & Cleaning,"Tetra Water Cleaner Gravel Siphon for Aquariums, Easily Clean Freshwater Aquariums",https://amzn.to/4pPCA0m,affiliate,sponsored noopener noreferrer,Source: data/gear_water_food_tools.csv L8
Maintenance & Tools — Water Change & Cleaning,"Gravel Vacuum for Aquarium Water Changer Fish Tank Cleaning Tools, Siphon Universal Quick Pump Aquarium Water Changing (50 ft)",https://amzn.to/4nEtZw1,affiliate,sponsored noopener noreferrer,Source: data/gear_water_food_tools.csv L9
Maintenance & Tools — Water Change & Cleaning,Aquarium Coral Feeder Fish Feeder Waste Clean Tool Manual Cleaner Water Changer Fish Tank Cleaning Tool Siphon Dropper Waste Remover Aquatic Bottom Pipette (25 in),https://amzn.to/3KCBLYK,affiliate,sponsored noopener noreferrer,Source: data/gear_water_food_tools.csv L10
Maintenance & Tools — Water Change & Cleaning,Flipper Magnetic Aquarium Glass Cleaner & Fish Tank Accessories | Effortless Algae Remover for Fish Tank (Nano),https://amzn.to/3KXWUMZ,affiliate,sponsored noopener noreferrer,Source: data/gear_water_food_tools.csv L11
Maintenance & Tools — Water Change & Cleaning,Flipper Magnetic Aquarium Glass Cleaner & Fish Tank Accessories | Effortless Algae Remover for Fish Tank (Standard),https://amzn.to/46Ml1Wc,affiliate,sponsored noopener noreferrer,Source: data/gear_water_food_tools.csv L12
Maintenance & Tools — Water Change & Cleaning,"25"" Glass Aquariums Algae Scraper – Durable Stainless Steel, Powerfully Remove Stubborn Algae, Professional Fish Tank Cleaner Tools, Includes Sheath, Long Tweezers & 10 Replaceable Blades",https://amzn.to/4nySNFL,affiliate,sponsored noopener noreferrer,Source: data/gear_water_food_tools.csv L13
Maintenance & Tools — Water Change & Cleaning,API ALGAE SCRAPER For Glass Aquariums 1-Count Container,https://amzn.to/3Wqbmjr,affiliate,sponsored noopener noreferrer,Source: data/gear_water_food_tools.csv L14
Maintenance & Tools — Safety & Power,"Power Strip, ALESTOR Surge Protector with 12 Outlets and 4 USB Ports, 6 Feet Extension Cord (1875W/15A), 2700 Joules, ETL Listed, Black",https://amzn.to/3J22Ynb,affiliate,sponsored noopener noreferrer,Source: data/gear_water_food_tools.csv L15
Maintenance & Tools — Safety & Power,"meross Smart Plug Power Strip, WiFi Flat Outlet 15A Compatible with Apple HomeKit, Siri, Alexa, Google Assistant & SmartThings, with 4 AC Outlets & 4 USB Ports, 6 Feet Surge Protector Extender",https://amzn.to/437noBU,affiliate,sponsored noopener noreferrer,Source: data/gear_water_food_tools.csv L16
Maintenance & Tools — Safety & Power,"Meross Smart Water Sensor Alarm 3 Pack, WiFi Water Leak Detector Support Apple HomeKit, SmartThings, IP67 Waterproof with App Alerts, Alarm, 100M Range for Home Basement Kitchen (Meross Hub Included)",https://amzn.to/42sP4ky,affiliate,sponsored noopener noreferrer,Source: data/gear_water_food_tools.csv L17
Maintenance & Tools — Safety & Power,"Linkind Matter Smart Plug, Works with Apple Home, Siri, Alexa, Google, SmartThings, Smart Outlet 15A/1800W Max, Smart Home Automation, App Remote Control, Timer & Schedule, 2.4G Wi-Fi Only (4 Pack)",https://amzn.to/3KDGMQT,affiliate,sponsored noopener noreferrer,Source: data/gear_water_food_tools.csv L18
Maintenance & Tools — Testing & Monitoring,"Inkbird ITC-306A WiFi Temperature Controller, Wi-Fi Aquarium Thermostat Heater Controller 120V~1200W Temperature Control with Two Probes only for Heater Aquarium Breeding Reptiles Hatching.",https://amzn.to/46QJSd3,affiliate,sponsored noopener noreferrer,Source: data/gear_maintenance.csv L2
Maintenance & Tools — Testing & Monitoring,JW Aquarium SmartTemp Thermometer,https://amzn.to/42uddHB,affiliate,sponsored noopener noreferrer,Source: data/gear_maintenance.csv L3
Maintenance & Tools — Testing & Monitoring,"2-Pack Aquarium Thermometer, Fish Tank Thermometer, AikTryee Water Thermometer with 3.3ft Cord Fahrenheit/Celsius(℉/℃) for Vehicle Reptile Terrarium Fish Tank Refrigerator.",https://amzn.to/4gYFCLX,affiliate,sponsored noopener noreferrer,Source: data/gear_maintenance.csv L4
Maintenance & Tools — Air & Aeration,"AQUANEAT Aquarium Check Valve, One Way Non Return Valve for Air Pump, Fit for 3/16 Inch Airline Tubing, Fish Tank Accessories, 10pcs (Red)",https://amzn.to/42wLPZs,affiliate,sponsored noopener noreferrer,Source: data/gear_maintenance.csv L5
Maintenance & Tools — Air & Aeration,"Aquarium Air Valve, 10 Pcs Aquarium Air Pump Control Valves T Shaped Single Way Plastic Air Flow Control Regulator Aquarium Air Pump Accessories for Fish Tank 3/16"" ID Tubing (Black)",https://amzn.to/46F8DIW,affiliate,sponsored noopener noreferrer,Source: data/gear_maintenance.csv L6
Maintenance & Tools — Air & Aeration,"ALEGI Aquarium Air Pump Accessories Set 25 Feet Airline Tubing with 6 Check Valves, 6 Control Valve and 40 Connectors for Fish Tank White",https://amzn.to/48S7HlO,affiliate,sponsored noopener noreferrer,Source: data/gear_maintenance.csv L7
Maintenance & Tools — Cleanup & Extras,"Bounty Quick-Size Paper Towels, White, 12 Family Triple Rolls = 40 Regular Rolls",https://amzn.to/3VRQh1h,affiliate,sponsored noopener noreferrer,Source: data/gear_maintenance.csv L8
Maintenance & Tools — Cleanup & Extras,"Amazon Basics 2-Ply Soft Toilet Paper, 30 Rolls (5 Packs of 6), Equivalent to 185 Regular Rolls, Packaging May Vary",https://amzn.to/3IAe4jj,affiliate,sponsored noopener noreferrer,Source: data/gear_maintenance.csv L9
Maintenance & Tools — Cleanup & Extras,"Gorilla Super Glue Gel XL, Clear Glue, 25 Gram (Pack of 2) - All Purpose and Fast Setting for Projects and Repairs",https://amzn.to/4q1j8hj,affiliate,sponsored noopener noreferrer,Source: data/gear_maintenance.csv L10
Maintenance & Tools — Cleanup & Extras,"ARM & HAMMER Baking Soda Made in USA, Ideal for Baking, Pure & Natural, 2.7lb Bag",https://amzn.to/4haFwRl,affiliate,sponsored noopener noreferrer,Source: data/gear_maintenance.csv L11
Maintenance & Tools — Cleanup & Extras,"Iberia All Natural Distilled White Vinegar, 1 Gallon - 5% Acidity",https://amzn.to/42wJIF0,affiliate,sponsored noopener noreferrer,Source: data/gear_maintenance.csv L12
Maintenance & Tools — Cleanup & Extras,"USANOOKS Microfiber Cleaning Cloth Grey - 12 Pcs (12.5""x12.5"") - High Performance - 1200 Washes, Ultra Absorbent Microfiber Towel Weave",https://amzn.to/46YMaWb,affiliate,sponsored noopener noreferrer,Source: data/gear_maintenance.csv L13
Maintenance & Tools — Cleanup & Extras,"Pack Microfiber Glass Cleaning Cloth, 16 Inch X 16 Inch, Lint Free Quickly Clean Window, Glasses, Windshields, Mirrors, and Stainless Steel, Blue",https://amzn.to/4n4UtWE,affiliate,sponsored noopener noreferrer,Source: data/gear_maintenance.csv L14
Maintenance & Tools — Cleanup & Extras,JohnBee Empty Spray Bottles (16oz/2Pack) - Adjustable Spray Bottles for Cleaning Solutions - No Leak and Clog - HDPE spray bottle,https://amzn.to/3VXVqEW,affiliate,sponsored noopener noreferrer,Source: data/gear_maintenance.csv L15
Maintenance & Tools — Cleanup & Extras,Sharpie Permanent Markers Set Quick Drying And Fade Resistant Fine Point Marker For Wood Plastic Paper Metal And More Drawing Coloring And Poster Marker Black 12 Count,https://amzn.to/3VWKh7n,affiliate,sponsored noopener noreferrer,Source: data/gear_maintenance.csv L16
Maintenance & Tools — Cleanup & Extras,"United Solutions 5-Gallon Heavy-Duty Buckets with Snap-On Lids, 6-Pack – BPA-Free, Food-Grade Plastic, Multi-Purpose Storage – White",https://amzn.to/4mWhPh4,affiliate,sponsored noopener noreferrer,Source: data/gear_maintenance.csv L17
Maintenance & Tools — Cleanup & Extras,"16/3 25 FT Outdoor Extension Cord Waterproof, Weatherproof & Flame Retardant Black 3 Prong Power Cord Outside",https://amzn.to/4gVDkNm,affiliate,sponsored noopener noreferrer,Source: data/gear_maintenance.csv L18
Maintenance & Tools — Cleanup & Extras,"Long Straw Brush, Nylon Pipe Tube Cleaner 8.2-ihch 10 Different Diameters Set of 10",https://amzn.to/4gWOJfQ,affiliate,sponsored noopener noreferrer,Source: data/gear_maintenance.csv L19
Maintenance & Tools — Cleanup & Extras,"IRIS USA 20-Pack Storage Bins with Lids, 6 Quart, Shoe Boxes Clear Stackable Containers",https://amzn.to/48S6tac,affiliate,sponsored noopener noreferrer,Source: data/gear_maintenance.csv L20
Maintenance & Tools — Cleanup & Extras,North Mountain Supply 8 Ounce Glass Regular Mouth Tapered Mason Canning Jars - with Safety Button Lids - Case of 6 (Black Metal Lids),https://amzn.to/4ocwW6V,affiliate,sponsored noopener noreferrer,Source: data/gear_maintenance.csv L21
Maintenance & Tools — Cleanup & Extras,SKYLA HOMES Baby Locks (8-Pack) Child Safety Cabinet Proofing - 3M Adhesive Cabinet Drawer Door Latches,https://amzn.to/4nO5kFC,affiliate,sponsored noopener noreferrer,Source: data/gear_maintenance.csv L22
Maintenance & Tools — Cleanup & Extras,"Safety 1st Electrical Outlet Baby Proof Covers, Secure Outlet Plugs, Baby Proofing, 36 Count",https://amzn.to/3IOxfG4,affiliate,sponsored noopener noreferrer,Source: data/gear_maintenance.csv L23
Maintenance & Tools — Cleanup & Extras,"Aqueon Silicone Aquarium Sealant, Clear, 10.3 oz Cartridge",https://amzn.to/3ID2C6s,affiliate,sponsored noopener noreferrer,Source: data/gear_maintenance.csv L24
Maintenance & Tools — Nets & Handling,Pawfly Aquarium Fish Net with Braided Metal Handle Square Net with Soft Fine Mesh Sludge Food Residue Wastes Skimming Cleaning Net for Fish Tanks Small Koi Ponds and Pools,https://amzn.to/4nGN3tN,affiliate,sponsored noopener noreferrer,Source: data/gear_maintenance.csv L25
Maintenance & Tools — Cleanup & Extras,Aqueon Silicone Sealant Clear 3 Ounces (Pack of 2),https://amzn.to/3Ky4jTn,affiliate,sponsored noopener noreferrer,Source: data/gear_maintenance.csv L26
Maintenance & Tools — Cleanup & Extras,Clear Aquarium Silicone Sealant - 10.2 Fluid oz Cartridge,https://amzn.to/4319YYc,affiliate,sponsored noopener noreferrer,Source: data/gear_maintenance.csv L27
Maintenance & Tools — Aquascaping Tools,"Aquarium Aquascape Tools Kit, 4 in 1 Anti-Rust Aquatic Plant Aquascaping Tool Stainless Steel Black Tweezers Scissors Spatula for Aquarium Tank Clean Fish Tank Aquascape Accessories Set",https://amzn.to/48lZ6aW,affiliate,sponsored noopener noreferrer,Source: data/gear_maintenance.csv L28
Maintenance & Tools — Aquascaping Tools,"Aquarium Aquascape Tools Kit, Long 15 Inch Stainless Steel Aquatic Plants Tools, 4 in 1 Anti-Rust Black Aquascaping Tweezers Scissors Spatula Scrapers Tool Set for Fish Tank Cleaning Plant Trimming",https://amzn.to/475FPZg,affiliate,sponsored noopener noreferrer,Source: data/gear_maintenance.csv L29
Maintenance & Tools — Air & Aeration,Nano CO₂ Diffuser Glass Reactor for Aquarium Planted Tank,https://amzn.to/47cpN0G,affiliate,sponsored noopener noreferrer,Source: data/gear_maintenance.csv L30
Maintenance & Tools — Air & Aeration,CO₂ Diffuser Glass Reactor with U Shape Connecting Tube for Pollen Aquarium Plants Tank (Large Flat-Bottomed),https://amzn.to/46JZkrm,affiliate,sponsored noopener noreferrer,Source: data/gear_maintenance.csv L31
Maintenance & Tools — Air & Aeration,Fzone Neo CO₂ Diffuser with Customized Ceramic from South Korea (L-24mm),https://amzn.to/46GvELD,affiliate,sponsored noopener noreferrer,Source: data/gear_maintenance.csv L32
Maintenance & Tools — Air & Aeration,"Pawfly 16 ft. Aquarium CO₂-Proof Tubing, Standard 3/16"" Airline",https://amzn.to/4h0pkBW,affiliate,sponsored noopener noreferrer,Source: data/gear_maintenance.csv L33
Maintenance & Tools — Air & Aeration,Pawfly Glass CO₂ Drop Checker (with Solution),https://amzn.to/48SDa7u,affiliate,sponsored noopener noreferrer,Source: data/gear_maintenance.csv L34
Food — Staples (Daily),"Tetra TetraMin Plus Tropical Flakes 2.2 Ounces, Nutritionally Balanced Fish Food With Added Shrimp",https://amzn.to/4o5Ulqx,affiliate,sponsored noopener noreferrer,Source: data/gear_food.csv L2
Food — Staples (Daily),"Fluval Bug Bites Tropical Fish Food, Small Granules for Small to Medium Sized Fish, 1.6 oz., A6577",https://amzn.to/3KBeZAt,affiliate,sponsored noopener noreferrer,Source: data/gear_food.csv L3
Food — Staples (Daily),"Hikari Tropical Semi-Floating Micro Pellets Fish Food, 0.77 oz (22 g)",https://amzn.to/46MbkXO,affiliate,sponsored noopener noreferrer,Source: data/gear_food.csv L4
Food — Staples (Daily),New Life Spectrum Thera A Regular 80 g (Naturox Series),https://amzn.to/4h4JJ9k,affiliate,sponsored noopener noreferrer,Source: data/gear_food.csv L5
Food — Bottom Feeders & Algae,"Hikari Tropical Sinking Wafers for Catfish, Loaches and Bottom Feeders 3.88 oz",https://amzn.to/3IZ8gQj,affiliate,sponsored noopener noreferrer,Source: data/gear_food.csv L6
Food — Bottom Feeders & Algae,Hikari USA AHK21328 Tropical Algae Wafer 8.8 oz,https://amzn.to/4mUNdwq,affiliate,sponsored noopener noreferrer,Source: data/gear_food.csv L7
Food — High-Protein Treats,"Hikari Bio-Pure Freeze Dried Blood Worms, 0.42 oz",https://amzn.to/4nJmKD6,affiliate,sponsored noopener noreferrer,Source: data/gear_food.csv L8
Food — High-Protein Treats,"Hikari Bio-Pure Freeze Dried Brine Shrimp, 0.42 oz",https://amzn.to/4pZsn1q,affiliate,sponsored noopener noreferrer,Source: data/gear_food.csv L9
Food — High-Protein Treats,"Hikari Tropical Shrimp Cuisine Fish Food, 0.35 oz (10 g)",https://amzn.to/46FoPtF,affiliate,sponsored noopener noreferrer,Source: data/gear_food.csv L10
Food — Staples (Daily),TetraColor PLUS Tropical Flakes with Color Enhancing 2.2 oz,https://amzn.to/3WnK90O,affiliate,sponsored noopener noreferrer,Source: data/gear_food.csv L11
Stands & Cabinets — 5-10,"Snughome 10 Gallon Aquarium Stand with Storage (3-Tier, 20.47″ × 11.42″ × 30.91″)",https://amzn.to/4q0RyAQ?tag=fishkeepingli-20,affiliate,sponsored noopener noreferrer,Source: assets/js/generated/gear-stands.json L12
Stands & Cabinets — 10-20,20 Gallon Heavy-Duty Metal Aquarium Stand (24.8″ × 13″ × 30″),https://amzn.to/4pZswSt?tag=fishkeepingli-20,affiliate,sponsored noopener noreferrer,Source: assets/js/generated/gear-stands.json L38
Stands & Cabinets — 20-40,YITAHOME 30″ Metal Aquarium Stand with Power Outlet,https://amzn.to/4nOZOSX?tag=fishkeepingli-20,affiliate,sponsored noopener noreferrer,Source: assets/js/generated/gear-stands.json L64
Stands & Cabinets — 20-40,Heavy-Duty 40 Gallon Metal Aquarium Stand,https://amzn.to/3Wp9JT5?tag=fishkeepingli-20,affiliate,sponsored noopener noreferrer,Source: assets/js/generated/gear-stands.json L90
Stands & Cabinets — 20-40,GRLEAF 20–40 Gallon Aquarium Stand with Power Outlet,https://amzn.to/437Cmb4?tag=fishkeepingli-20,affiliate,sponsored noopener noreferrer,Source: assets/js/generated/gear-stands.json L116
Stands & Cabinets — 40-55,"YITAHOME 40–50 Gallon Fish Tank Stand with Power Outlet, 40x18 Inch Metal Aquarium Stand with 3-Tier Adjustable Storage Shelves and Hooks, 700LBS Capacity, Black",https://amzn.to/43a8nzk,affiliate,sponsored noopener noreferrer,Source: assets/js/generated/gear-stands.json L142
Stands & Cabinets — 40-55,"Reinforced 40–50 Gallon Aquarium Stand with Power Outlet | Ultra-Stable 750LBS Capacity Metal Fish Tank Stand for Reptile/Aquatic Setups, 5-Tier Adjustable 37""x19"" Steel Shelving System",https://amzn.to/48OF35a,affiliate,sponsored noopener noreferrer,Source: assets/js/generated/gear-stands.json L168
Stands & Cabinets — 40-55,"40–50 Gallon Fish Tank Stand, Aquarium Stand with Cabinet Accessories Storage, Heavy Duty Metal Frame, 40.55"" L × 18.89"" W Tabletop, 850 LBS Capacity, Black PG02YGB",https://amzn.to/3KxLPlX,affiliate,sponsored noopener noreferrer,Source: assets/js/generated/gear-stands.json L194
Stands & Cabinets — 40-55,"YITAHOME Heavy Duty 40–50 Gallon Aquarium Stand with Power Outlets, Cabinet for Fish Tank Accessories Storage – Metal Fish Tank Stand Suitable for Fish, Turtle, 660 LBS Capacity, Black",https://amzn.to/3VX1SMr,affiliate,sponsored noopener noreferrer,Source: assets/js/generated/gear-stands.json L220
Stands & Cabinets — 55-75,"4ever2buy 55-75 Gallon Fish Tank Stand with Power Outlets, LED Light, Heavy Duty Aquarium Stand with Cabinet for Fish Tank Accessories Storage, for Turtle Tank, Reptile Terrarium, 1100LBS, Gray",https://amzn.to/4mSgBmE,affiliate,sponsored noopener noreferrer,Source: assets/js/generated/gear-stands.json L246
Stands & Cabinets — 55-75,"GRLEAF 55-75 Gallon Aquarium Stand: 1200LB Capacity, Built-In Power Outlets, 3-Tier Shelves for Fish Tank Accessories Storage, Heavy-Duty Steel/Wood Hybrid for Fish & Reptile Tanks | Excludes Tank",https://amzn.to/48g6zZ9,affiliate,sponsored noopener noreferrer,Source: assets/js/generated/gear-stands.json L272
Stands & Cabinets — 55-75,"DWVO 55-75 Gallon Aquarium Stand with Power Outlets, Cabinet for Fish Tank Accessories Storage - Heavy Duty Metal Fish Tank Stand Suitable for Turtle Tank, Reptile Terrarium, 860LBS Capacity, Black",https://amzn.to/3L0LIPG,affiliate,sponsored noopener noreferrer,Source: assets/js/generated/gear-stands.json L298
Stands & Cabinets — 55-75,"Aquarium Stand with Power Outlets, 55-70 Gallon Fish Tank Stand with 3 Baskets, 2 Storage Shelf, 5-Tier Heavy Duty Metal Tank Stand Suitable for Turtle Tank, Reptile Terrarium",https://amzn.to/3KxyOZA,affiliate,sponsored noopener noreferrer,Source: assets/js/generated/gear-stands.json L324
Stands & Cabinets — 75-up,"GDLF 125-150 Gallon Fish Tank Stand, Heavy Duty Metal Aquarium Stand with Power Outlet and Cabinet for Fish Tank Filters and Accessories, 72.8″ L × 18.9″ W, 2200 LBS Capacity",https://amzn.to/47dCQPo,affiliate,sponsored noopener noreferrer,Source: assets/js/generated/gear-stands.json L350
Stands & Cabinets — 75-up,"GDLF 100-150 Gallon Fish Tank Stand, 120 Gallon Tank Stand with 60″ × 24″ Tabletop Fits 100/120/150 Volumes Aquariums, 2200 LBS Capacity Heavy Duty",https://amzn.to/3ILng4n,affiliate,sponsored noopener noreferrer,Source: assets/js/generated/gear-stands.json L376
Stands & Cabinets — 75-up,"VOWNER 100-150 Gallon Fish Tank Stand with Power Outlet, Heavy Duty Aquarium Stand with Cabinet Storage for Fish Tank, Turtle Tank, Reptile Terrarium, 60″ L × 23.6″ W Tabletop, 2200 LBS Capacity, Black",https://amzn.to/4mVF4HQ,affiliate,sponsored noopener noreferrer,Source: assets/js/generated/gear-stands.json L402
Stands & Cabinets — 75-up,"DWVO 75-120 Gallon Aquarium Stand with Power Outlet & LED Light, Cabinet for Accessories Storage – Heavy Duty Metal Fish Tank Stand Suitable for Turtle Tank, Reptile Terrarium, 2000 LBS Capacity, White",https://amzn.to/3VVta5Y,affiliate,sponsored noopener noreferrer,Source: assets/js/generated/gear-stands.json L428
