Category,Bucket,product_id,Product_Name,Use_Case,Recommended_Specs,Notes,Amazon_Link,Chewy_Link,rel
Aeration,Air Pumps,aeration-air-pump-quiet,hygger Quiet Mini Aquarium Air Pump HG-811,Near-silent air for nano and midsize community tanks,Up to ~50 gallons; includes dual outlets with adjustable flow,Mount vertically outside sump; add check valves on both lines.,https://www.amazon.com/dp/B0821G7VYP/?tag=fishkeepingli-20,,sponsored noopener noreferrer
Aeration,Air Pumps,aeration-air-pump-deep,Tetra Whisper AP150 Aquarium Air Pump,High-output aeration for deeper tanks and multiple ornaments,Rated for 150-gallon setups with up to 8 ft depth,Place pump above water line or use check valves to prevent backflow.,https://www.amazon.com/dp/B000V9EIQI/?tag=fishkeepingli-20,,sponsored noopener noreferrer
Aeration,Airstones & Diffusers,aeration-air-stone-disc,VIVOSUN 4-Inch Air Stone Disc,Wide, even bubbles for breeding and grow-out tanks,Needs 4W+ air pump and standard 3/16 in tubing,Soak 1 hour before first use for finer bubbles.,https://www.amazon.com/dp/B07KSHF7WL/?tag=fishkeepingli-20,,sponsored noopener noreferrer
Aeration,Airstones & Diffusers,aeration-air-stone-cylinder,Pawfly 1-Inch Air Stone Cylinder 4-Pack,Compact stones for sponge filters or ornaments,Works with >2W pumps and 3/16 in tubing,Rinse monthly to limit clogging; keep spares ready.,https://www.amazon.com/dp/B07K8XW93P/?tag=fishkeepingli-20,,sponsored noopener noreferrer
Aeration,Check Valves & Backflow,aeration-check-valve-pack,Penn-Plax Check Valves 6-Pack,Back-siphon protection on every airline,Standard 3/16 in fittings with directional arrow,Install with arrow pointing toward tank to allow airflow.,https://www.amazon.com/dp/B000VRSR6E/?tag=fishkeepingli-20,,sponsored noopener noreferrer
Aeration,Check Valves & Backflow,aeration-metal-check-valve,UPETTOOLS Stainless Inline Check Valve,Durable check valve for higher pressure pumps,Supports 4 mm inner-diameter tubing; metal housing,Rugged body resists cracking under cabinet doors.,https://www.amazon.com/dp/B07KY7BYKB/?tag=fishkeepingli-20,,sponsored noopener noreferrer
Aeration,Airline & Manifolds,aeration-airline-tubing,Pawfly Standard Airline Tubing 25 FT,Flexible airline for most freshwater setups,PVC tubing sized for 3/16 in barbs,Soak in warm water before routing for easy straightening.,https://www.amazon.com/dp/B073F3L7TZ/?tag=fishkeepingli-20,,sponsored noopener noreferrer
Aeration,Airline & Manifolds,aeration-air-manifold,hygger 4-Way Air Control Valve,Split one pump into multiple sponge filters,Includes 4 independent valves with 3/16 in barbs,Mount outside stand; use suction cups to reduce vibration.,https://www.amazon.com/dp/B07R2HC9WC/?tag=fishkeepingli-20,,sponsored noopener noreferrer
Aeration,Backup Power & Accessories,aeration-battery-backup,HITOP Rechargeable Battery Air Pump,Emergency aeration during outages or travel,Auto-senses power loss; runs ~12 hrs on internal battery,Use alternating mode weekly to keep battery topped off.,https://www.amazon.com/dp/B09KCJQSC2/?tag=fishkeepingli-20,,sponsored noopener noreferrer
Aeration,Backup Power & Accessories,aeration-acdc-air-pump,Cobalt Aquatics Rescue Air DC Pump,AC/DC pump for hospital or display tanks,Includes two outlets, Li-ion battery, and accessories,Switch to low mode for overnight runtime; recharge after use.,https://www.amazon.com/dp/B07XHVQX53/?tag=fishkeepingli-20,,sponsored noopener noreferrer
