ASIN,Title,Price,ImageURL
B093CXB6ZL,AQUANEAT Bio Sponge Cut-to-Fit,$14.99,
B09J5CJZT1,8-Layer Premium Filter Pads,$18.99,
B000HHSG5M,Fluval BioMax Bio Rings 500g,$24.99,
B0002A5VK2,Seachem Purigen 100ml,$12.99,
B0002A5VIY,Seachem Matrix 2L,$29.99,
B0DRSFZQFZ,Hygger 5-Layer Filter Media Pad,$19.99,
B01JZVB3O4,Marineland Bio-Foam,$8.99,
B004PB8SMK,API Bio-Chem Zorb,$11.99,
B0002566TS,Fluval Pre-Filter Media,$6.99,
B0002APIJG,Seachem De*Nitrate 2L,$24.99,
B07K2QXHVG,AquaClear Foam Filter Insert,$7.99,
B004L9A6LU,Fluval Carbon 3x100g,$15.99,
B00025699O,Seachem PhosGuard 2L,$22.99